id,name,slugname,icon
1,A,A,
2,A.F.C.A,AFCA,
3,A.P.C.Absolut Joy,APCAbsolutJoy,
4,Acne Studios,AcneStudios,
5,Acqua Limone,AcquaLimone,
6,Add,Add,
7,adidas,adidas,
8,adidas Originals,adidasOriginals,
9,Advanta,Advanta,
10,Aglini,Aglini,
11,Aimé Leon Dore,AiméLeonDore,
12,AKOO,AKOO,
13,Alaia,Alaia,
14,Alain Figaret,AlainFigaret,
15,Alberta Ferretti,AlbertaFerretti,
16,Alessandro Dell´Acqua,AlessandroDell´Acqua,
17,Alessi,Alessi,
18,AlexaChung,AlexaChung,
19,Alexander McQueen,AlexanderMcQueen,
20,Alexander Wang,AlexanderWang,
21,Alice & Olivia,AliceOlivia,
22,AllSaints,AllSaints,
23,Alpha Studio,AlphaStudio,
24,Altuzarra,Altuzarra,
25,Alysi,Alysi,
26,American Eagle Outfitters,AmericanEagleOutfitters,
27,Americanflat,Americanflat,
28,Ami,Ami,
29,André Kim,AndréKim,
30,Ann Demeulemeester,AnnDemeulemeester,
31,Annarita N.,AnnaritaN,
32,Anne Fontaine,AnneFontaine,
33,Anne T. Hill,AnneTHill,
34,Anthropologie,Anthropologie,
35,Antony Morato,AntonyMorato,
36,Antthony Mark Hankins,AntthonyMarkHankins,
37,Anya Hindmarch,AnyaHindmarch,
38,Apalis,Apalis,
39,Aquazzura,Aquazzura,
40,Arckiv,Arckiv,
41,Armani,Armani,
42,Armoire Officielle,ArmoireOfficielle,
43,Arthur Galan AG,ArthurGalanAG,
44,Artopweb,Artopweb,
45,artPause,artPause,
46,Arty Pie,ArtyPie,
47,Ash,Ash,
48,Asics,Asics,
49,Asos,Asos,
50,Asos Petite,AsosPetite,
51,Aspesi,Aspesi,
52,AT.P. CO,ATPCO,
53,Atos Lombardini,AtosLombardini,
54,Bailey 44,Bailey44,
55,Balenciaga,Balenciaga,
56,Ballantyne,Ballantyne,
57,Bally,Bally,
58,Balmain,Balmain,
59,Banana Moon,BananaMoon,
60,Barba,Barba,
61,Barena,Barena,
62,Barneys New York,BarneysNewYork,
63,Bellerose,Bellerose,
64,Bellerose Belgium,BelleroseBelgium,
65,Belstaff,Belstaff,
66,Ben Sherman,BenSherman,
67,BenchBenetton,BenchBenetton,
68,Berna,Berna,
69,Berwich,Berwich,
70,Bestseller,Bestseller,
71,Betty Barclay,BettyBarclay,
72,Biba Apparels,BibaApparels,
73,Big Art Shop,BigArtShop,
74,Big Box Art,BigBoxArt,
75,Bigotti,Bigotti,
76,BILLIEBLUSH,BILLIEBLUSH,
77,Birkenstock,Birkenstock,
78,Blanc & Eclare,BlancEclare,
79,Blauer,Blauer,
80,Blaze of Sweden,BlazeofSweden,
81,Blend,Blend,
82,Bllack Noir,BllackNoir,
83,Bloch,Bloch,
84,Blue Les Copains,BlueLesCopains,
85,Bluenotes,Bluenotes,
86,Blugirl,Blugirl,
87,Blumarine,Blumarine,
88,Boglioli,Boglioli,
89,Bonia,Bonia,
90,Bosideng,Bosideng,
91,BOSS,BOSS,
92,Bottega Veneta,BottegaVeneta,
93,Boxfresh,Boxfresh,
94,BP Studio,BPStudio,
95,Brave Soul,BraveSoul,
96,Brax,Brax,
97,Brian Dales,BrianDales,
98,Brooks Brothers,BrooksBrothers,
99,Brooksfield,Brooksfield,
100,Brunello Cucinelli,BrunelloCucinelli,
101,Buffalo,Buffalo,
102,Bugatti,Bugatti,
103,Burberry,Burberry,
104,Byblos,Byblos,
105,C&A,CA,
106,Cafènoir,Cafènoir,
107,Caliban,Caliban,
108,Callisti,Callisti,
109,Calvin Klein,CalvinKlein,
110,CALVIN KLEIN 205W39NYC,CALVINKLEIN205W39NYC,
111,Camel Active,CamelActive,
112,Camper,Camper,
113,Canali,Canali,
114,Cantarelli,Cantarelli,
115,Canterbury of New Zealand,CanterburyofNewZealand,
116,Caraceni,Caraceni,
117,Carbrini Sportswear,CarbriniSportswear,
118,Carhartt Work in Progress,CarharttWorkinProgress,
119,Carla G.,CarlaG,
120,Carlo Palazzi,CarloPalazzi,
121,Carven,Carven,
122,Casadei,Casadei,
123,Cassidi,Cassidi,
124,Castro,Castro,
125,Catherine Lansfield,CatherineLansfield,
126,Catimini,Catimini,
127,Celine,Celine,
128,Cesare PaciottiChanel,CesarePaciottiChanel,
129,Charlotte Olympia,CharlotteOlympia,
130,Cheap Monday,CheapMonday,
131,Chervo,Chervo,
132,Chiara Ferragni,ChiaraFerragni,
133,China Heilan Group,ChinaHeilanGroup,
134,Chloé,Chloé,
135,Christian Louboutin,ChristianLouboutin,
136,Christopher Kane,ChristopherKane,
137,Clarks,Clarks,
138,Closed,Closed,
139,Coach,Coach,
140,Cockpit USA,CockpitUSA,
141,Colmar,Colmar,
142,Comma,Comma,
143,Comme Des Garçons,CommeDesGarçons,
144,Comptoir des Cotonniers,ComptoirdesCotonniers,
145,Converse,Converse,
146,CornelianiCostume National,CornelianiCostumeNational,
147,Countess Mara,CountessMara,
148,CristinaeEffe,CristinaeEffe,
149,Croc O' Shirt,CrocOShirt,
150,Crocs,Crocs,
151,Cruciani,Cruciani,
152,Cult,Cult,
153,Cuplé,Cuplé,
154,Current Elliott,CurrentElliott,
155,Cycle,Cycle,
156,Céline,Céline,
157,Dale of Norway,DaleofNorway,
158,Damani Dada,DamaniDada,
159,Daniel Hechter,DanielHechter,
160,Daniele Alessandrini,DanieleAlessandrini,
161,Daniele Fiesoli,DanieleFiesoli,
162,DC Comics,DCComics,
163,Deha,Deha,
164,Deknudt Frames,DeknudtFrames,
165,Deko Trends,DekoTrends,
166,Dekoria,Dekoria,
167,Denby,Denby,
168,Denver Hayes,DenverHayes,
169,Department 5,Department5,
170,Derek Lam,DerekLam,
171,Design Vicenza,DesignVicenza,
172,DesigualDiadora,DesigualDiadora,
173,Diane Von Fürstenberg,DianeVonFürstenberg,
174,Dickies,Dickies,
175,DieselDior,DieselDior,
176,Dirk Bikkembergs,DirkBikkembergs,
177,Disney,Disney,
178,DKNY,DKNY,
179,Dockers by Gerli,DockersbyGerli,
180,Dolce & Gabbana,DolceGabbana,
181,Dolfin Swimwear,DolfinSwimwear,
182,Domenico Tagliente,DomenicoTagliente,
183,Dondup,Dondup,
184,Doppiaa,Doppiaa,
185,Dorothee Schumacher,DorotheeSchumacher,
186,Dorothy Perkins,DorothyPerkins,
187,Doucal's,Doucals,
188,Douceur d'Intérieur,DouceurdIntérieur,
189,Douuod,Douuod,
190,Dr. Martens,DrMartens,
191,Draft:Kidbox,Draft:Kidbox,
192,Dries Van Noten,DriesVanNoten,
193,Drumohr,Drumohr,
194,Dsquared2,Dsquared2,
195,Dsquared2 Kids,Dsquared2Kids,
196,Duchamp,Duchamp,
197,Dutch Decor,DutchDecor,
198,Duvelleroy,Duvelleroy,
199,Duvetica,Duvetica,
200,Dwell,Dwell,
201,Eastpak,Eastpak,
202,Ebarrito,Ebarrito,
203,Ecco,Ecco,
204,EDC by Esprit,EDCbyEsprit,
205,EDUN,EDUN,
206,Edwin,Edwin,
207,Eglo,Eglo,
208,Eiffel Textile,EiffelTextile,
209,El Naturalista,ElNaturalista,
210,Elaine Kim,ElaineKim,
211,Eleventy,Eleventy,
212,Elie Tahari,ElieTahari,
213,Elisabetta Franchi,ElisabettaFranchi,
214,Elizabeth & James,ElizabethJames,
215,Ellery,Ellery,
216,Elsa Schiaparelli,ElsaSchiaparelli,
217,Emanuel Ungaro,EmanuelUngaro,
218,Emanuela Passeri,EmanuelaPasseri,
219,Emilia Lay,EmiliaLay,
220,Emilio Pucci,EmilioPucci,
221,Emporio Armani,EmporioArmani,
222,Emsa,Emsa,
223,English Eccentrics,EnglishEccentrics,
224,Entre Amis,EntreAmis,
225,Enza Costa,EnzaCosta,
226,Equipment,Equipment,
227,Erdem,Erdem,
228,Eres,Eres,
229,Erika Cavallini Semi Couture,ErikaCavalliniSemiCouture,
230,Ermanno Scervino,ErmannoScervino,
231,Ermenegildo Zegna,ErmenegildoZegna,
232,Escada,Escada,
233,Esprit,Esprit,
234,Essentiel,Essentiel,
235,Ethan James,EthanJames,
236,Ethika,Ethika,
237,Eton,Eton,
238,Etro,Etro,
239,Eurographics,Eurographics,
240,European Culture,EuropeanCulture,
241,EVANS,EVANS,
242,Excelsa,Excelsa,
243,Exclusive Home Curtains,ExclusiveHomeCurtains,
244,Exotic India,ExoticIndia,
245,Extè,Extè,
246,Eyelevel,Eyelevel,
247,Eysa,Eysa,
248,Fabi,Fabi,
249,Fabiana Filippi,FabianaFilippi,
250,Fackelmann,Fackelmann,
251,Faith Connexion,FaithConnexion,
252,Falke,Falke,
253,Fashion for Home,FashionforHome,
254,Fashion line,Fashionline,
255,Fat Face,FatFace,
256,FAUSTO PUGLISI,FAUSTOPUGLISI,
257,Fay,Fay,
258,Febland Group,FeblandGroup,
259,Fenchurch,Fenchurch,
260,FendiFenty Puma by Rihanna,FendiFentyPumabyRihanna,
261,Ferdinando Sarmi,FerdinandoSarmi,
262,Ferm Living,FermLiving,
263,Fila,Fila,
264,FILIPPO DE LAURENTIIS,FILIPPODELAURENTIIS,
265,Final Touch Interior Decor,FinalTouchInteriorDecor,
266,Firetrap,Firetrap,
267,First People First,FirstPeopleFirst,
268,Fisico,Fisico,
269,FitFlop,FitFlop,
270,Flash Furniture,FlashFurniture,
271,Fleur du Mal,FleurduMal,
272,Fleuresse,Fleuresse,
273,FLY London,FLYLondon,
274,Forever Lazy,ForeverLazy,
275,Fornarina,Fornarina,
276,Fornasetti,Fornasetti,
277,Forte_Forte,Forte_Forte,
278,Fossil,Fossil,
279,Fox,Fox,
280,Fradi,Fradi,
281,Frame Company,FrameCompany,
282,Frame Denim,FrameDenim,
283,Frames by Post,FramesbyPost,
284,Frankie Morello,FrankieMorello,
285,Franklin & Marshall,FranklinMarshall,
286,Fred Mello,FredMello,
287,Fred Perry,FredPerry,
288,Fred´s World By Green Cotton,Fred´sWorldByGreenCotton,
289,Free People,FreePeople,
290,French Connection,FrenchConnection,
291,Furla,Furla,
292,G-Star,G-Star,
293,G-Star Raw,G-StarRaw,
294,G2000,G2000,
295,Gabor,Gabor,
296,Gabs,Gabs,
297,Ganni,Ganni,
298,GANTGanter,GANTGanter,
299,Garage,Garage,
300,Garanimals,Garanimals,
301,Garcia,Garcia,
302,Garcia de Pou,GarciadePou,
303,Gas,Gas,
304,Gattinoni,Gattinoni,
305,Gaudì,Gaudì,
306,Gaëlle Paris,GaëlleParis,
307,GB Eye Limited,GBEyeLimited,
308,GCDS,GCDS,
309,Gebrüder Stitch,GebrüderStitch,
310,Genny,Genny,
311,Gentryportofino,Gentryportofino,
312,George J. Love,GeorgeJLove,
313,Geox,Geox,
314,Gerry Weber,GerryWeber,
315,Giambattista Valli,GiambattistaValli,
316,Giancarlo Paoli,GiancarloPaoli,
317,Gianvito Rossi,GianvitoRossi,
318,Giesswein,Giesswein,
319,Giorgia & Johns,GiorgiaJohns,
320,Giorgio Armani,GiorgioArmani,
321,Gioseppo,Gioseppo,
322,Giuseppe Zanotti,GiuseppeZanotti,
323,Givenchy,Givenchy,
324,Glamorous,Glamorous,
325,Globo Lighting,GloboLighting,
326,Gloria Vanderbilt,GloriaVanderbilt,
327,Go International,GoInternational,
328,Golden Goose,GoldenGoose,
329,Gotha,Gotha,
330,Gran Sasso,GranSasso,
331,Grishko,Grishko,
332,GRUND,GRUND,
333,GTA,GTA,
334,Gucci,Gucci,
335,Gucci Kids,GucciKids,
336,Guess,Guess,
337,Guglielminotti,Guglielminotti,
338,Gunhild,Gunhild,
339,Gunne Sax,GunneSax,
340,Gunze,Gunze,
341,Gözze,Gözze,
342,H&M,HM,
343,Hackett,Hackett,
344,Haider Ackermann,HaiderAckermann,
345,Haikure,Haikure,
346,Haku Möbel,HakuMöbel,
347,Halston Heritage,HalstonHeritage,
348,Hamaki-Ho,Hamaki-Ho,
349,Han Kjøbenhavn,HanKjøbenhavn,
350,Hanita,Hanita,
351,Hanro,Hanro,
352,Happiness Brand,HappinessBrand,
353,Harmont & Blaine,HarmontBlaine,
354,Harris Wharf London,HarrisWharfLondon,
355,Hartford,Hartford,
356,HatleyHaus Alkire,HatleyHausAlkire,
357,Havaianas,Havaianas,
358,Helmut LangHEMA,HelmutLangHEMA,
359,Henry Cotton´s,HenryCotton´s,
360,Heritage,Heritage,
361,Hermès,Hermès,
362,Herno,Herno,
363,Herschel,Herschel,
364,Hervé Leger,HervéLeger,
365,Hield,Hield,
366,High,High,
367,High Street Design,HighStreetDesign,
368,Historic,Historic,
369,Hogan,Hogan,
370,Hollyberry HomeHOME MAISON,HollyberryHomeHOMEMAISON,
371,Honigman,Honigman,
372,Honsel Leuchten,HonselLeuchten,
373,Hope Collection,HopeCollection,
374,HTC,HTC,
375,HTnaturals,HTnaturals,
376,Huber,Huber,
377,Hudson,Hudson,
378,HUGO BOSS,HUGOBOSS,
379,Hummel,Hummel,
380,Husky,Husky,
381,Hydrogen,Hydrogen,
382,Hérve Léger,HérveLéger,
383,Högl,Högl,
384,I Saw It First,ISawItFirst,
385,I'm Brian,ImBrian,
386,I'm Isola Marras,ImIsolaMarras,
387,I. & R. Morley,IRMorley,
388,Ian Snow,IanSnow,
389,IANUX,IANUX,
390,Ibili,Ibili,
391,iBlues,iBlues,
392,Iceberg,Iceberg,
393,Ichi,Ichi,
394,Icone,Icone,
395,Igi & Co,IgiCo,
396,Ih Nom Uh Nit,IhNomUhNit,
397,iittala,iittala,
398,Il Gufo,IlGufo,
399,Imperfect,Imperfect,
400,Imperial,Imperial,
401,Impressions,Impressions,
402,Incotex,Incotex,
403,Individual,Individual,
404,Ingram,Ingram,
405,Inov8,Inov8,
406,Inside,Inside,
407,Inspired Walls,InspiredWalls,
408,InterDesign,InterDesign,
409,Intropia,Intropia,
410,Invicta,Invicta,
411,IRIS & INK,IRISINK,
412,Iro,Iro,
413,Iron Heart,IronHeart,
414,Irregular Choice,IrregularChoice,
415,Isa Arfen,IsaArfen,
416,Isabel Benenato,IsabelBenenato,
417,Isabel Marant,IsabelMarant,
418,Isaia,Isaia,
419,ISC,ISC,
420,ISKO,ISKO,
421,Islo Isabella Lorusso,IsloIsabellaLorusso,
422,Issa,Issa,
423,Issey Miyake,IsseyMiyake,
424,Italian Bed Linen,ItalianBedLinen,
425,Italo Ottinetti,ItaloOttinetti,
426,Ivories,Ivories,
427,Izod Lacoste,IzodLacoste,
428,J Brand,JBrand,
429,J-Wear,J-Wear,
430,J.Lindeberg,JLindeberg,
431,J.W. SAX Milano,JWSAXMilano,
432,J.W.Anderson,JWAnderson,
433,Jack & Jones,JackJones,
434,Jacob Cohen,JacobCohen,
435,Jako,Jako,
436,James & Nicholson,JamesNicholson,
437,James Perse,JamesPerse,
438,Janet & Janet,JanetJanet,
439,Jean Machine,JeanMachine,
440,Jean Paul Gaultier,JeanPaulGaultier,
441,Jeckerson,Jeckerson,
442,Jeffrey Campbell,JeffreyCampbell,
443,Jenny Hellström,JennyHellström,
444,Jennyfer,Jennyfer,
445,Jeordie's,Jeordies,
446,Jigsaw,Jigsaw,
447,Jijil,Jijil,
448,Jijil Jolie,JijilJolie,
449,Jil Sander,JilSander,
450,Jimmy Choo London,JimmyChooLondon,
451,Joe Browns,JoeBrowns,
452,Joe Fresh,JoeFresh,
453,John Galliano,JohnGalliano,
454,JOHN GALLIANO KIDS,JOHNGALLIANOKIDS,
455,John Richmond,JohnRichmond,
456,John Varvatos,JohnVarvatos,
457,John Weitz,JohnWeitz,
458,Joie,Joie,
459,Jolie By Edward Spiers,JolieByEdwardSpiers,
460,Jon Richard,JonRichard,
461,Jonathan Simkhai,JonathanSimkhai,
462,Joop,Joop,
463,Josef Seibel,JosefSeibel,
464,JosephJoshua Sanders,JosephJoshuaSanders,
465,Joules,Joules,
466,Joykeep Jeans,JoykeepJeans,
467,Jucca,Jucca,
468,Judge,Judge,
469,Julian Bowen,JulianBowen,
470,Junya Watanabe,JunyaWatanabe,
471,Just Cavalli,JustCavalli,
472,Just Contempo,JustContempo,
473,JUSTyou,JUSTyou,
474,K-Way,K-Way,
475,Kahla,Kahla,
476,KAISER,KAISER,
477,Kalliste,Kalliste,
478,Kangaroos,Kangaroos,
479,Kangra Cashmere,KangraCashmere,
480,Kanz,Kanz,
481,Kaos,Kaos,
482,Kaporal,Kaporal,
483,Kappa,Kappa,
484,Karen Millen,KarenMillen,
485,Karl Kani,KarlKani,
486,Karl Lagerfeld,KarlLagerfeld,
487,Kartell,Kartell,
488,Katia G.,KatiaG,
489,KELA,KELA,
490,KEN BARRELL,KENBARRELL,
491,Ken Done,KenDone,
492,Kendall + Kylie,KendallKylie,
493,Kennel & Schmenger,KennelSchmenger,
494,Kenneth Cole,KennethCole,
495,Kenneth Cole Reaction,KennethColeReaction,
496,Kenneth Jay Lane,KennethJayLane,
497,Kent & Curwen,KentCurwen,
498,KESPER,KESPER,
499,Khaadi,Khaadi,
500,Khaite,Khaite,
501,Ki6? Who are you?,Ki6?Whoareyou?,
502,Kickers,Kickers,
503,Kidiliz,Kidiliz,
504,King Apparel,KingApparel,
505,Kipling,Kipling,
506,KitchenCraft,KitchenCraft,
507,KitonKleine Wolke,KitonKleineWolke,
508,Knot,Knot,
509,Kocca,Kocca,
510,Konstsmide,Konstsmide,
511,Kookai,Kookai,
512,Koon,Koon,
513,Koralline,Koralline,
514,Koton,Koton,
515,Koziol,Koziol,
516,Kudeta,Kudeta,
517,Kuhn Rikon,KuhnRikon,
518,Kurt Geiger,KurtGeiger,
519,L'autre Chose,LautreChose,
520,L.B.M. 1911,LBM1911,
521,L:Ú L:Ú,L:ÚL:Ú,
522,La Bonneterie Cevenole,LaBonneterieCevenole,
523,LA Linen,LALinen,
524,La Perla,LaPerla,
525,La Stupenderia,LaStupenderia,
526,La tennis Bensimon,LatennisBensimon,
527,Lacor,Lacor,
528,Lacoste,Lacoste,
529,Lamberto Losani,LambertoLosani,
530,Lands End,LandsEnd,
531,Laneus,Laneus,
532,Lanvin,Lanvin,
533,Lardini,Lardini,
534,Larusmiani,Larusmiani,
535,laviniaturra,laviniaturra,
536,Le Château,LeChâteau,
537,Le Coq Sportif,LeCoqSportif,
538,Le Mont Saint Michel,LeMontSaintMichel,
539,Le Silla,LeSilla,
540,Leather Crown,LeatherCrown,
541,Lee,Lee,
542,Lego Wear,LegoWear,
543,Leonisa,Leonisa,
544,Les Copains,LesCopains,
545,LeSportsac,LeSportsac,
546,Levi Strauss & Co.,LeviStraussCo,
547,Levi's,Levis,
548,Liebeskind,Liebeskind,
549,LITTLE MARC JACOBS,LITTLEMARCJACOBS,
550,LittleBig,LittleBig,
551,Liu Jo,LiuJo,
552,Liviana Conti,LivianaConti,
553,Loewe,Loewe,
554,Lonely,Lonely,
555,Loro Piana,LoroPiana,
556,Lost And Found Rooms,LostAndFoundRooms,
557,Louis Philippe,LouisPhilippe,
558,Louis Vuitton,LouisVuitton,
559,Love Moschino,LoveMoschino,
560,Lovely Casa,LovelyCasa,
561,Lover,Lover,
562,Lovers + Friends,LoversFriends,
563,low brand,lowbrand,
564,Loyandford,Loyandford,
565,LSA International,LSAInternational,
566,LTB Jeans,LTBJeans,
567,Lucléon,Lucléon,
568,Luigi Borrelli,LuigiBorrelli,
569,LUIGI BORRELLI NAPOLI,LUIGIBORRELLINAPOLI,
570,Lumberjack,Lumberjack,
571,Lush Décor,LushDécor,
572,Lygia & Nanny,LygiaNanny,
573,Lyle & Scott,LyleScott,
574,M Missoni,MMissoni,
575,Macchia j,Macchiaj,
576,Madonna fashion brands,Madonnafashionbrands,
577,Magnolia Box,MagnoliaBox,
578,Maison Martin Margiela,MaisonMartinMargiela,
579,Maison Scotch,MaisonScotch,
580,Majestic Filatures,MajesticFilatures,
581,Maliparmi,Maliparmi,
582,Mallzee,Mallzee,
583,Mandarina Duck,MandarinaDuck,
584,Mangano,Mangano,
585,Mango,Mango,
586,Manila Grace,ManilaGrace,
587,Manuel Ritz,ManuelRitz,
588,Marc Jacobs,MarcJacobs,
589,Marc O'Polo,MarcOPolo,
590,Marcelo Burlon,MarceloBurlon,
591,Marco Tozzi,MarcoTozzi,
592,Maria Grazia Severi,MariaGraziaSeveri,
593,Marimekko,Marimekko,
594,Marina Rinaldi,MarinaRinaldi,
595,Marni,Marni,
596,Marsèll,Marsèll,
597,Mauro Grifoni,MauroGrifoni,
598,Mavi Jeans,MaviJeans,
599,Max Mara,MaxMara,
600,Max Studio,MaxStudio,
601,MCS,MCS,
602,Meltin Pot,MeltinPot,
603,Merc Clothing,MercClothing,
604,Merci,Merci,
605,Messagerie,Messagerie,
606,Met,Met,
607,Mexx,Mexx,
608,Michael Coal,MichaelCoal,
609,Michael Kors,MichaelKors,
610,Michael Michael Kors,MichaelMichaelKors,
611,Microbe,Microbe,
612,Mih Jeans,MihJeans,
613,Minimum,Minimum,
614,Miss Grant,MissGrant,
615,Missoni,Missoni,
616,Miu Miu,MiuMiu,
617,Miuniku,Miuniku,
618,Moncler,Moncler,
619,Monica Vinader,MonicaVinader,
620,Monnalisa,Monnalisa,
621,Moods of Norway,MoodsofNorway,
622,Morgan,Morgan,
623,Morphsuits,Morphsuits,
624,MoschinoMsgm,MoschinoMsgm,
625,Mudd Jeans,MuddJeans,
626,Muddy Puddles,MuddyPuddles,
627,Mustang,Mustang,
628,Myths,Myths,
629,N.Peal,NPeal,
630,Nafnaf,Nafnaf,
631,Nakkna,Nakkna,
632,Name It,NameIt,
633,Nanán,Nanán,
634,Napapijri,Napapijri,
635,Natasha Zinko,NatashaZinko,
636,Naturino,Naturino,
637,NBD,NBD,
638,Neck & Neck,NeckNeck,
639,Neil Barrett,NeilBarrett,
640,Neill Katter,NeillKatter,
641,New Balance,NewBalance,
642,New Era,NewEra,
643,New Look,NewLook,
644,New York Industrie,NewYorkIndustrie,
645,Nicholas Kirkwood,NicholasKirkwood,
646,Nike,Nike,
647,Nila & Nila,NilaNila,
648,Nili Lotan,NiliLotan,
649,Nina RicciNine In The Morning,NinaRicciNineInTheMorning,
650,Nixon,Nixon,
651,No Ka'Oi,NoKaOi,
652,No Secrets World,NoSecretsWorld,
653,NOBODINOZ,NOBODINOZ,
654,Noir,Noir,
655,Noisy May,NoisyMay,
656,Noko Jeans,NokoJeans,
657,Nolita Lace,NolitaLace,
658,Noppies,Noppies,
659,Nora Barth,NoraBarth,
660,Norma Kamali,NormaKamali,
661,NORMANN COPENHAGEN,NORMANNCOPENHAGEN,
662,Norse Projects,NorseProjects,
663,North Sails,NorthSails,
664,Notch,Notch,
665,Nouvelles Images,NouvellesImages,
666,NR Rapisardi,NRRapisardi,
667,Nude,Nude,
668,Nudie Jeans,NudieJeans,
669,Numero 74,Numero74,
670,N°21,N°21,
671,Nümph,Nümph,
672,O.X.S.,OXS,
673,Oakley,Oakley,
674,Oaks,Oaks,
675,Oaks Lighting,OaksLighting,
676,OAMC,OAMC,
677,ObeyOBLIQUE CREATIONS,ObeyOBLIQUECREATIONS,
678,OBVIOUS BASIC,OBVIOUSBASIC,
679,Odd Molly,OddMolly,
680,Odi Et Amo,OdiEtAmo,
681,Off-white,Off-white,
682,Office Hippo,OfficeHippo,
683,Officina 36,Officina36,
684,Officine Creative,OfficineCreative,
685,Officine Creative Italia,OfficineCreativeItalia,
686,Officine Generale,OfficineGenerale,
687,OGGI,OGGI,
688,Oilily,Oilily,
689,Oliver Peoples,OliverPeoples,
690,Olsen,Olsen,
691,OLYMPIAH,OLYMPIAH,
692,OnePiece,OnePiece,
693,Ong Shunmugam,OngShunmugam,
694,Onia,Onia,
695,Only,Only,
696,Only & Sons,OnlySons,
697,Ontour,Ontour,
698,Opening Ceremony,OpeningCeremony,
699,OPUS,OPUS,
700,Orca,Orca,
701,Orciani,Orciani,
702,Original Penguin,OriginalPenguin,
703,Original Vintage Style,OriginalVintageStyle,
704,Orlebar Brown,OrlebarBrown,
705,Oroscuro,Oroscuro,
706,Oscar De La Renta,OscarDeLaRenta,
707,Osklen,Osklen,
708,Osman,Osman,
709,Osram,Osram,
710,ottod´Ame,ottod´Ame,
711,Our Legacy,OurLegacy,
712,Ovye By Cristina Lucchi,OvyeByCristinaLucchi,
713,Oxo,Oxo,
714,P.A.R.O.S.H.,PAROSH,
715,Pal Zileri,PalZileri,
716,Palm Angels,PalmAngels,
717,Paloma Barceló,PalomaBarceló,
718,Pantaloni Torino,PantaloniTorino,
719,Pantofola D'oro,PantofolaDoro,
720,Paola Frani,PaolaFrani,
721,Paolo Pecora,PaoloPecora,
722,Paoloni,Paoloni,
723,Patrizia Pepe,PatriziaPepe,
724,Paul & Joe,PaulJoe,
725,Paul Smith,PaulSmith,
726,Paule Ka,PauleKa,
727,Pendleton Woolen Mills,PendletonWoolenMills,
728,Pennyblack,Pennyblack,
729,People,People,
730,Pepe Jeans,PepeJeans,
731,Pepe Jeans London,PepeJeansLondon,
732,PESERICO,PESERICO,
733,Peter Hahn,PeterHahn,
734,Peter Pilotto,PeterPilotto,
735,Petit Bateau,PetitBateau,
736,Peuterey,Peuterey,
737,Philipp Plein,PhilippPlein,
738,Philippe Model,PhilippeModel,
739,Philips,Philips,
740,Philosophy di Lorenzo Serafini,PhilosophydiLorenzoSerafini,
741,Pianurastudio,Pianurastudio,
742,Pieces,Pieces,
743,Pierre Hardy,PierreHardy,
744,Pingoo Prints,PingooPrints,
745,Pinko,Pinko,
746,Plein Sport,PleinSport,
747,Plein Sud,PleinSud,
748,Police,Police,
749,Pollini,Pollini,
750,Polly Flinders,PollyFlinders,
751,Polo Ralph Lauren,PoloRalphLauren,
752,Prada,Prada,
753,Preen,Preen,
754,Premiata,Premiata,
755,Premier Housewares,PremierHousewares,
756,Proenza Schouler,ProenzaSchouler,
757,Project D,ProjectD,
758,PT01,PT01,
759,Puma,Puma,
760,Q/S designed by,QSdesignedby,
761,Q/S designed by - s.Oliver,QSdesignedby-sOliver,
762,Q1,Q1,
763,Q2,Q2,
764,Qasimi,Qasimi,
765,Qcqc,Qcqc,
766,Qdo,Qdo,
767,Qed London,QedLondon,
768,QEEBOO,QEEBOO,
769,Ql2 Quelledue,Ql2Quelledue,
770,Qu4ttro,Qu4ttro,
771,Quail,Quail,
772,Qualy,Qualy,
773,Quantum Courage,QuantumCourage,
774,QUATTRO.DECIMI,QUATTRODECIMI,
775,Quattrobarradodici,Quattrobarradodici,
776,Quax,Quax,
777,Quay Eyeware,QuayEyeware,
778,Quayside,Quayside,
779,Queen,Queen,
780,Queen Bee,QueenBee,
781,Queen Mum,QueenMum,
782,Queen Of Love,QueenOfLove,
783,Queene and Belle,QueeneandBelle,
784,Queens,Queens,
785,Queensway,Queensway,
786,Querini,Querini,
787,Quest,Quest,
788,Quetsche,Quetsche,
789,Quid,Quid,
790,Quiksilver,Quiksilver,
791,Quintessence,Quintessence,
792,QUIS QUIS,QUISQUIS,
793,Quiz,Quiz,
794,Quoddy,Quoddy,
795,Quodlibet,Quodlibet,
796,Qupid,Qupid,
797,QURE,QURE,
798,Quttin,Quttin,
799,R13,R13,
800,Rag & Bone,RagBone,
801,Rajrang,Rajrang,
802,Ralph Lauren,RalphLauren,
803,Raoul,Raoul,
804,Ray-Ban,Ray-Ban,
805,RBV BIRKMANN,RBVBIRKMANN,
806,Re-hash,Re-hash,
807,Re/Done,ReDone,
808,Real Gold,RealGold,
809,Rebecca Minkoff,RebeccaMinkoff,
810,Red Valentino,RedValentino,
811,Red(v),Red(v),
812,Reebok,Reebok,
813,Reflect-please,Reflect-please,
814,RefrigiWear,RefrigiWear,
815,Reiss,Reiss,
816,Relaxdays,Relaxdays,
817,Religion,Religion,
818,Relish,Relish,
819,Renaissance 2000,Renaissance2000,
820,Replay,Replay,
821,Rick Owens,RickOwens,
822,Rieker,Rieker,
823,Rip Curl,RipCurl,
824,Riva Paoletti,RivaPaoletti,
825,River Island,RiverIsland,
826,Robert Clergerie,RobertClergerie,
827,Roberto Cavalli,RobertoCavalli,
828,Roberto Collina,RobertoCollina,
829,Roberto Festa Milano,RobertoFestaMilano,
830,Rochas,Rochas,
831,Roda,Roda,
832,Rodo,Rodo,
833,Roger Vivier,RogerVivier,
834,Roksanda Ilincic,RoksandaIlincic,
835,Roland Mouret,RolandMouret,
836,Rosasen,Rosasen,
837,Rossopuro,Rossopuro,
838,Roy Rogers,RoyRogers,
839,Royal Republiq,RoyalRepubliq,
840,Rta,Rta,
841,Ruco Line,RucoLine,
842,Rufskin,Rufskin,
843,Rêve En Vert,RêveEnVert,
844,S.E.H Kelly,SEHKelly,
845,s.Oliver,sOliver,
846,SABA,SABA,
847,sacai,sacai,
848,Saint Laurent,SaintLaurent,
849,Saint Tropez,SaintTropez,
850,Sakis Rouvas Collection,SakisRouvasCollection,
851,Salvatore Ferragamo,SalvatoreFerragamo,
852,Salvatore Ferragamo S.p.A.,SalvatoreFerragamoSpA,
853,Sanetta,Sanetta,
854,Santoni,Santoni,
855,Schiesser,Schiesser,
856,Schutz,Schutz,
857,Scotch & Soda,ScotchSoda,
858,Scotch and Soda,ScotchandSoda,
859,See By Chloé,SeeByChloé,
860,Selected,Selected,
861,Sendmeamirror,Sendmeamirror,
862,Sergio Rossi,SergioRossi,
863,Seventy,Seventy,
864,Shiatzy Chen,ShiatzyChen,
865,Silver Jeans Co.,SilverJeansCo,
866,Silvian Heach,SilvianHeach,
867,Simonetta,Simonetta,
868,SINOIAN,SINOIAN,
869,Siviglia,Siviglia,
870,Six Deuce,SixDeuce,
871,Sixpack France,SixpackFrance,
872,Skechers,Skechers,
873,Snobby Sheep,SnobbySheep,
874,Soleil d'Ocre,SoleildOcre,
875,Sonia Rykiel,SoniaRykiel,
876,Sophie Paris Vietnam,SophieParisVietnam,
877,Space Style Concept,SpaceStyleConcept,
878,Springfield,Springfield,
879,Star in the Hood,StarintheHood,
880,Star Wars,StarWars,
881,Starworld,Starworld,
882,Stefanel,Stefanel,
883,Stella McCartney,StellaMcCartney,
884,Sterntaler,Sterntaler,
885,Steve Madden,SteveMadden,
886,Stick It On Your Wall,StickItOnYourWall,
887,Street One,StreetOne,
888,Strellson,Strellson,
889,Stuart Weitzman,StuartWeitzman,
890,Stupell Industries,StupellIndustries,
891,Sun 68,Sun68,
892,Sundek,Sundek,
893,Suoli,Suoli,
894,Super Cool Creations,SuperCoolCreations,
895,Superdry,Superdry,
896,Superga,Superga,
897,Swear,Swear,
898,T-fal,T-fal,
899,Tagliatore,Tagliatore,
900,Taifun,Taifun,
901,Takeo Kikuchi,TakeoKikuchi,
902,Tally WeijlTamaki niime,TallyWeijlTamakiniime,
903,Tamaris,Tamaris,
904,Tarocash,Tarocash,
905,Ted Baker,TedBaker,
906,Tescoma,Tescoma,
907,The Art Group,TheArtGroup,
908,The Fashion Bible,TheFashionBible,
909,The Oliver Gal Artist Co.,TheOliverGalArtistCo,
910,The Row,TheRow,
911,The Stupell Home Décor Collection,TheStupellHomeDécorCollection,
912,Theory,Theory,
913,Think,Think,
914,Thom Browne,ThomBrowne,
915,Thomas Sabo,ThomasSabo,
916,Three Gun,ThreeGun,
917,Tibi,Tibi,
918,Tiffany & Co.,TiffanyCo,
919,Tiger of Sweden,TigerofSweden,
920,Tigha,Tigha,
921,Timberland,Timberland,
922,TNT,TNT,
923,Tod's,Tods,
924,Tom Ford,TomFord,
925,Tom Tailor,TomTailor,
926,Tombolini,Tombolini,
927,Tommy Hilfiger,TommyHilfiger,
928,Tommy Jeans,TommyJeans,
929,Tonello,Tonello,
930,Tony Rubino,TonyRubino,
931,Tory Burch,ToryBurch,
932,Tosca Blu,ToscaBlu,
933,Toy G,ToyG,
934,Trands,Trands,
935,Trendhim,Trendhim,
936,Trio Leuchten,TrioLeuchten,
937,Triumph,Triumph,
938,True Religion,TrueReligion,
939,Truenyc,Truenyc,
940,Trussardi,Trussardi,
941,Twin-Set,Twin-Set,
942,Twisted Envy,TwistedEnvy,
943,U.S.Polo Association,USPoloAssociation,
944,UCLIC,UCLIC,
945,UGG,UGG,
946,Ugo Cacciatori,UgoCacciatori,
947,Ulla Johnson,UllaJohnson,
948,Ulla Popken,UllaPopken,
949,Ultra Chic,UltraChic,
950,Ultracor,Ultracor,
951,Uma,Uma,
952,Uma Wang,UmaWang,
953,Umbra,Umbra,
954,Umbro,Umbro,
955,Umd,Umd,
956,Umit Benan,UmitBenan,
957,Un-Namable,Un-Namable,
958,Unconditional,Unconditional,
959,Under Armour,UnderArmour,
960,Undercover,Undercover,
961,Uniform,Uniform,
962,Uniform Wares,UniformWares,
963,Unique21,Unique21,
964,Unisa,Unisa,
965,United Curtain Co.,UnitedCurtainCo,
966,United Nude,UnitedNude,
967,Unity,Unity,
968,Universal Works,UniversalWorks,
969,UNKL347,UNKL347,
970,UNLACE,UNLACE,
971,Unlimited,Unlimited,
972,Unravel,Unravel,
973,Unze,Unze,
974,Unützer,Unützer,
975,Uomolebole,Uomolebole,
976,Up Jeans,UpJeans,
977,Up To Be,UpToBe,
978,Urban Classic,UrbanClassic,
979,Urban Code,UrbanCode,
980,URBAN LES HOMMES,URBANLESHOMMES,
981,Urban Male,UrbanMale,
982,Uta Raasch,UtaRaasch,
983,Vagabond,Vagabond,
984,Valentino,Valentino,
985,Valextra,Valextra,
986,Vallila,Vallila,
987,Vanessa Bruno,VanessaBruno,
988,Vanessa Scott,VanessaScott,
989,Vans,Vans,
990,VB Rocks,VBRocks,
991,VDP Collection,VDPCollection,
992,Velvet,Velvet,
993,Vent du Sud,VentduSud,
994,Vero Moda,VeroModa,
995,VERSA,VERSA,
996,Versace,Versace,
997,Versace Jeans Couture,VersaceJeansCouture,
998,Versus,Versus,
999,VETEMENTS,VETEMENTS,
1000,Via Appia Due,ViaAppiaDue,
1001,Vic Matié,VicMatié,
1002,Vicini,Vicini,
1003,Vicolo,Vicolo,
1004,Victoria,Victoria,
1005,Victoria Beckham,VictoriaBeckham,
1006,VIDA,VIDA,
1007,Viking,Viking,
1008,Vila,Vila,
1009,VilebrequinVilla D'Este Home Tivoli,VilebrequinVillaDEsteHomeTivoli,
1010,Villeroy & Boch,VilleroyBoch,
1011,VILSHENKO,VILSHENKO,
1012,Vince,Vince,
1013,Vingino,Vingino,
1014,Vintage De Luxe,VintageDeLuxe,
1015,Vionnet,Vionnet,
1016,Visvim,Visvim,
1017,Vivance,Vivance,
1018,Vivetta,Vivetta,
1019,Vivienne Westwood,VivienneWestwood,
1020,Vix,Vix,
1021,Vneck,Vneck,
1022,W118 by Walter Baker,W118byWalterBaker,
1023,Waldläufer,Waldläufer,
1024,Wall Art,WallArt,
1025,Wall Smart Designs,WallSmartDesigns,
1026,Wallis,Wallis,
1027,Walplus,Walplus,
1028,Walter Baker,WalterBaker,
1029,Walther Design,WaltherDesign,
1030,Warehouse,Warehouse,
1031,Wash+Dry,WashDry,
1032,Weekday,Weekday,
1033,Weili Zheng,WeiliZheng,
1034,WENKO,WENKO,
1035,WESC,WESC,
1036,WESCO,WESCO,
1037,Westmark,Westmark,
1038,What For,WhatFor,
1039,Whats On Your Wall,WhatsOnYourWall,
1040,Wheat,Wheat,
1041,White Mountaineering,WhiteMountaineering,
1042,White Sand 88,WhiteSand88,
1043,White Stuff Clothing,WhiteStuffClothing,
1044,Who*s Who,Who*sWho,
1045,Whyred,Whyred,
1046,Wildfox,Wildfox,
1047,Wilton,Wilton,
1048,Windsor Smith,WindsorSmith,
1049,Wise Guy,WiseGuy,
1050,WMF,WMF,
1051,Wofi Leuchten,WofiLeuchten,
1052,Wolford,Wolford,
1053,Women'secret,Womensecret,
1054,Won Hundred,WonHundred,
1055,Wood Wood,WoodWood,
1056,Woodwick,Woodwick,
1057,Wool & Co,WoolCo,
1058,Woolrich,Woolrich,
1059,Wrangler,Wrangler,
1060,Wtr London,WtrLondon,
1061,Wyldr,Wyldr,
1062,Wåven,Wåven,
1063,X Bionic,XBionic,
1064,X by NBD,XbyNBD,
1065,X Loop,XLoop,
1066,X Socks,XSocks,
1067,X&B XAVEM,XBXAVEM,
1068,X-Cape,X-Cape,
1069,Xacus,Xacus,
1070,Xagon Man,XagonMan,
1071,Xander Zhou,XanderZhou,
1072,Xandres,Xandres,
1073,XAVAX,XAVAX,
1074,Xavier Danaud,XavierDanaud,
1075,XBAKKO,XBAKKO,
1076,XBRAND,XBRAND,
1077,Xc-Xacaret,Xc-Xacaret,
1078,XConcept,XConcept,
1079,Xenia,Xenia,
1080,XENIA BOUS,XENIABOUS,
1081,Xia Home Fashions,XiaHomeFashions,
1082,Ximena Kavalekas,XimenaKavalekas,
1083,Xirena,Xirena,
1084,Xoos,Xoos,
1085,Xs Milano,XsMilano,
1086,Xsensible,Xsensible,
1087,Xti,Xti,
1088,Xtreme,Xtreme,
1089,XTSY,XTSY,
1090,XX Coss Concept,XXCossConcept,
1091,Xyxyx,Xyxyx,
1092,XZX-Star,XZX-Star,
1093,Y / Project,YProject,
1094,Y.A.S,YAS,
1095,Y.A.S.,YAS,
1096,Y.A.S. Tall,YASTall,
1097,YAB,YAB,
1098,Yan Simmon,YanSimmon,
1099,Yang Li,YangLi,
1100,Yankee Candle Company,YankeeCandleCompany,
1101,Yasmine Eslami,YasmineEslami,
1102,Yeezy by Kanye West,YeezybyKanyeWest,
1103,Yellow Cab,YellowCab,
1104,Yep,Yep,
1105,Yeprem,Yeprem,
1106,Yerse,Yerse,
1107,Yes London,YesLondon,
1108,Yes-Zee,Yes-Zee,
1109,Yigal AzrouËl,YigalAzrouËl,
1110,Ylati,Ylati,
1111,Ymc You Must Create,YmcYouMustCreate,
1112,Yohji Yamamoto,YohjiYamamoto,
1113,Yoko Design,YokoDesign,
1114,Yoon,Yoon,
1115,YOSHII,YOSHII,
1116,Yosi Samra,YosiSamra,
1117,Yosuzi,Yosuzi,
1118,Young Versace,YoungVersace,
1119,Your Turn,YourTurn,
1120,Yours Clothing,YoursClothing,
1121,YPNO,YPNO,
1122,YPORQUÉ,YPORQUÉ,
1123,Yshey,Yshey,
1124,Yuliya Magdych,YuliyaMagdych,
1125,Yumi,Yumi,
1126,Yumi Kim,YumiKim,
1127,Yummie Tummie,YummieTummie,
1128,Yuul Yie,YuulYie,
1129,Yuzefi,Yuzefi,
1130,Yves Salomon,YvesSalomon,
1131,Yvonne Léon,YvonneLéon,
1132,Zac Posen,ZacPosen,
1133,Zack,Zack,
1134,Zadig & Voltaire,ZadigVoltaire,
1135,Zaida,Zaida,
1136,Zak designs,Zakdesigns,
1137,Zanella,Zanella,
1138,Zanellato,Zanellato,
1139,Zanetti,Zanetti,
1140,Zanetti 1965,Zanetti1965,
1141,Zanfrini,Zanfrini,
1142,Zanieri,Zanieri,
1143,Zanone,Zanone,
1144,Zassenhaus,Zassenhaus,
1145,Zeal,Zeal,
1146,Zebra,Zebra,
1147,ZEBRA TEXTIL,ZEBRATEXTIL,
1148,Zeferino,Zeferino,
1149,ZELLER,ZELLER,
1150,Zenker,Zenker,
1151,Zenobi,Zenobi,
1152,ZEP,ZEP,
1153,Zero + Maria Cornejo,ZeroMariaCornejo,
1154,Zero Construction,ZeroConstruction,
1155,Zeus + Dione,ZeusDione,
1156,Zeynep Arcay,ZeynepArcay,
1157,Zhelda,Zhelda,
1158,Ziggy Chen,ZiggyChen,
1159,Zilverstad,Zilverstad,
1160,Zimmerli,Zimmerli,
1161,Zimmermann,Zimmermann,
1162,Zinda,Zinda,
1163,Zippo,Zippo,
1164,Zippy,Zippy,
1165,Zizzi,Zizzi,
1166,Zoe Karssen,ZoeKarssen,
1167,Zucca,Zucca,
1168,Zuhair Murad,ZuhairMurad,
1169,Zwilling,Zwilling,
1170,Zyliss,Zyliss,
